[
 {
   "year": 1957,
   "funding": 0
 },
 {
   "year": 1958,
   "funding": 0
 },
 {
   "year": 1959,
   "funding": 0
 },
 {
   "year": 1960,
   "funding": 0
 },
 {
   "year": 1961,
   "funding": 0
 },
 {
   "year": 1962,
   "funding": 0
 },
 {
   "year": 1963,
   "funding": 0
 },
 {
   "year": 1964,
   "funding": 0
 },
 {
   "year": 1965,
   "funding": 0
 },
 {
   "year": 1966,
   "funding": 14.77364286
 },
 {
   "year": 1967,
   "funding": 22.80384
 },
 {
   "year": 1968,
   "funding": 47.08236464
 },
 {
   "year": 1969,
   "funding": 51.07997872
 },
 {
   "year": 1970,
   "funding": 55.3488731
 },
 {
   "year": 1971,
   "funding": 55.85716256
 },
 {
   "year": 1972,
   "funding": 64.58704306
 },
 {
   "year": 1973,
   "funding": 83.99353425
 },
 {
   "year": 1974,
   "funding": 94.24886441
 },
 {
   "year": 1975,
   "funding": 100.2059084
 },
 {
   "year": 1976,
   "funding": 133.6289793
 },
 {
   "year": 1977,
   "funding": 134.6754984
 },
 {
   "year": 1978,
   "funding": 143.4449643
 },
 {
   "year": 1979,
   "funding": 137.352918
 },
 {
   "year": 1980,
   "funding": 131.98236
 },
 {
   "year": 1981,
   "funding": 130.2880636
 },
 {
   "year": 1982,
   "funding": 137.3257455
 },
 {
   "year": 1983,
   "funding": 140.0542295
 },
 {
   "year": 1984,
   "funding": 144.9328812
 },
 {
   "year": 1985,
   "funding": 153.8554059
 },
 {
   "year": 1986,
   "funding": 151.3163429
 },
 {
   "year": 1987,
   "funding": 166.9806768
 },
 {
   "year": 1988,
   "funding": 181.6250803
 },
 {
   "year": 1989,
   "funding": 168.1661292
 },
 {
   "year": 1990,
   "funding": 177.6709251
 },
 {
   "year": 1991,
   "funding": 170.4149694
 },
 {
   "year": 1992,
   "funding": 163.5905942
 },
 {
   "year": 1993,
   "funding": 165.4143571
 },
 {
   "year": 1994,
   "funding": 149.0025
 },
 {
   "year": 1995,
   "funding": 147.3708378
 },
 {
   "year": 1996,
   "funding": 143.5646849
 },
 {
   "year": 1997,
   "funding": 131.5673926
 },
 {
   "year": 1998,
   "funding": 161.8749027
 },
 {
   "year": 1999,
   "funding": 163.3745849
 },
 {
   "year": 2000,
   "funding": 161.1343983
 },
 {
   "year": 2001,
   "funding": 171.5109057
 },
 {
   "year": 2002,
   "funding": 199.2641963
 },
 {
   "year": 2003,
   "funding": 197.359788
 },
 {
   "year": 2004,
   "funding": 194.3536342
 },
 {
   "year": 2005,
   "funding": 186.5430029
 },
 {
   "year": 2006,
   "funding": 182.0196
 },
 {
   "year": 2007,
   "funding": 203.0238203
 },
 {
   "year": 2008,
   "funding": 210.169496
 },
 {
   "year": 2009,
   "funding": 205.0821455
 },
 {
   "year": 2010,
   "funding": 205.532035
 },
 {
   "year": 2011,
   "funding": 199.7937064
 },
 {
   "year": 2012,
   "funding": 193.7865488
 },
 {
   "year": 2013,
   "funding": 191.1545768
 },
 {
   "year": 2014,
   "funding": 190.2724886
 },
 {
   "year": 2015,
   "funding": 186.8814824
 },
 {
   "year": 2016,
   "funding": 184.8148626
 },
 {
   "year": 2017,
   "funding": 222.574
 }
]