[
 {
   "year": 1957,
   "type": "milestone",
   "title": "",
   "description": "The Canada Council Act, an Act of Parliament which created the Canada Council on 28 March 1957, was one of main outcomes of Massey Commission (formally known as Royal Commission on National Development in the Arts, Letters and Sciences) which was appointed by Prime Minister Louis St-Laurent in 1949 chaired by Vincent Massey.",
   "image": "na"
 },
 {
   "year": 1957,
   "type": "story",
   "title": "Massey Report Recommends Creation of Canada Council",
   "description": " <i>\"It was the Council that, more than anything else, deserves credit for starting Canada on the road to artistic maturity.\" Jack Granatstein</i> <br/><br/>In the 1950s, Canada's cultural sector was rich with talent but largely unrealized.  The <a href = 'https://www.collectionscanada.gc.ca/massey/h5-400-e.html' target='_blank'>Royal Commission on the National Development in the Arts, Letters and Sciences </a> (1951) made a series of recommendations to change this, including the creation of the Canada Council for the Arts. The report, better known as the Massey Report in recognition of its author, the Right Honourable Vincent Massey, is now recognized as a key document in Canadian cultural history.",
   "image": "1957-1"
 },
 {
   "year": 1957,
   "type": "story",
   "title": "Leonard Cohen gets one of first-ever Council grants",
   "description": "In 1957, a little-known young poet named Leonard Cohen received his first Canada Council grant, a $2,000 grant that covered his living expenses while he wrote his first novel, The Favourite Game. He was one of 40 artists and organizations funded in the Canada Council's first year of operations.<br/><br/>In 2013 when Cohen was awarded the prestigious Glenn Gould Prize, he donated the $50,000 cash award to the Canada Council.<br/><br/> <i>\"The truth is without the help and encouragement of the Canada Council I would never have written The Favourite Game or The Spice Box of Earth. I am profoundly grateful.\" Leonard Cohen </i> <br/><br/>",
   "image": "na"
 },
 {
   "year": 1965,
   "type": "story",
   "title": "Les Belles-soeurs revolutionizes Quebec theatre ",
   "description": "In 1965, Michel Tremblay wrote Les Belle-soeurs, and Quebec theatre was never the same.  His daring two-act play used \"joual\" (slang) and portrayed working class women in everyday situations. The play has since been translated into Yiddish, Scottish and English among other languages and been performed around the world.<br/><br/><i>\"I can affirm without any delusion that my first bursary from the Council for the Arts in 1968 saved my life, allowing me to progress from store clerk at Radio-Canada to full-time writer; at least for three months, which was enormous to me and vital at the time.\" Michel Tremblay </i><br/><br/>",
   "image": "1965-1"
 },
 {
   "year": 1966,
   "type": "milestone",
   "title": "",
   "description": "In 1966 the government gave the Council an unconditional $10 million grant, and in 1968 it began what would be the ongoing practice of making an annual parliamentary appropriation for the Council's work.",
   "image": "na"
 },
 {
   "year": 1967,
   "type": "story",
   "title": "Ca-na-da! The arts take centre stage in Centennial celebrations",
   "description": "In 1967, Canada turned 100. Optimism was high, as was pride in Canadian art. The Centennial celebrations included special events and activities across the country, such as the launch of The Ecstasy of Rita Joe. This play by George Ryga, considered seminal in the history of modern Canadian theatre, tells the story of a young Aboriginal woman who leaves her reserve for the city, with tragic consequences. Since its debut the play has been performed numerous times in English and French, and in 1971 was adapted for ballet by the Royal Winnipeg Ballet.  <br/><br/>The Canada Council was on the selection committee for the Centennial celebrations that funded the Ecstasy of Rita Joe along with 18 other plays and over 50 new musical works, with 700 performances in over 100 communities across the country.<br/><br/>",
   "image": "1967-1"
 },
 {
   "year": 1968,
   "type": "story",
   "title": "GG winning authors: Before they were icons ",
   "description": "When the Canada Council was formed in 1957, it took over responsibility for administering and promoting the GG awards, originally created in 1939. The Council subsequently extended the awards to French-language books, added new categories, and introduced a cash prize. <br/><br/>Many of the winners of the Governor General's Literary Awards (the GGs) from this early period are now recognized as Canadian literary icons:  Marie-Claire Blais, Hugh MacLennan, Irving Layton, Gabrielle Roy and Alice Munro (1968, 1978, 1986) to name a few.  Notably, Munro went on to win the Nobel Prize in Literature in 2013.<br/><br/>",
   "image": "1968-1"
 },
 {
   "year": 1971,
   "type": "story",
   "title": "",
   "description": "In 1971 Karen Kain, internationally known as one of Canada's finest dancers, made her debut in the National Ballet of Canada's production of Swan Lake. In 1973 Kain and fellow dancer Frank Augustyn won the prize for the best pas-de-deux at the Moscow International Ballet competition for their performance in Sleeping Beauty. Over the next 28 years Kain would tour worldwide and perform all the major ballerina roles with the National Ballet. <br/><br/>From 2004-08, Kain served as the Chair of the Canada Council's Board of Directors. In 2005 she became the Artistic Director of the National Ballet of Canada. <br/><br/>",
   "image": "na"
 },
 {
   "year": 1971,
   "type": "story",
   "title": "Maureen Forrester tours China",
   "description": "Canadian opera singer Maureen Forrester was in high demand in concert halls around the world in the 1970s, at one point performing 120 concerts a year. In 1978, she toured China with the Toronto Symphony Orchestra, a market that was just beginning to open to Western performers. Later, she served as Chair of the Canada Council (1983 to 1988). She was made a Companion of the Order of Canada in 1967, received the Molson Prize in 1971 and the Toronto Arts Award in 1988, and has 29 honorary university doctorates.",
   "image": "1971-2"
 },
 {
   "year": 1972,
   "type": "story",
   "title": "Joyce Wieland's iconic work one of first in Art Bank collection ",
   "description": "One of Canada's most celebrated visual artists, Joyce Wieland was known for her experimental works in painting, fibre art, collage and film. In 1972, she created the iconic work Maple Leaf Forever II (1972), a series of lips mouthing a patriotic song that references film and animation, quilted with intricately stitched maple leaves. <br/><br/>Maple Leaf Forever II was one of the first works purchased by the  <a href = 'http://canadacouncil.ca/' target='_blank'>Canada Council Art Bank </a>when it was created in 1972. Since then the Art Bank has become the world's largest collection of contemporary Canadian art with over 17,000 works by some 3,000 artists. <br/><br/>",
   "image": "1972-1"
 },
 {
   "year": 1972,
   "type": "story",
   "title": "",
   "description": "In 1971 David Freeman's play Creeps launched the first season at Toronto's Tarragon Theatre. This disturbing yet humorous look at the lives of five men with cerebral palsy featured, among other actors, a young John Candy. The play went on to win the first Floyd S. Chalmers Canadian Play Award in 1973.<br/><br/>Freeman, who had cerebral palsy himself, would continue to break new ground with life stories of people with disabilities and, before he died in 2013,  become known as one of the most important producers of new Canadian works before he died in 2013. <br/><br/>The Canada Council supported Freeman's work through much of the 1970s and 1980s. In 2012, the Council launched its <a href = 'http://canadacouncil.ca/research/research-library/2012/06/expanding-the-arts' target='_blank'>Expanding the Arts: Deaf and Disability Arts, Access and Equality Strategy</a>, including targeted funding to build the capacity of organizations working in Deaf and disability arts.<br/><br/>",
   "image": "1972-2"
 },
 {
   "year": 1976,
   "type": "story",
   "title": "Menaka Thakkar",
   "description": "Menaka Thakkar has been bringing classical Indian dance to Canadians for over 50 years and has trained several generations of professional dancers who now enjoy thriving careers of their own. She received her first Canada Council grant to tour across Canada in 1976 and in 1984 she established the Menaka Thakkar Dance Company (MTDC) in Toronto. She remains its artistic director, choreographer and principal performer, making frequent cross-Canada appearances and regular performances in Toronto. The company has toured extensively in Asia, Europe and Australia.<br/><br/>Menaka Thakkar was honoured with the Canada Council Walter Carsen Prize for Excellence in the Performing Arts (2012) and a <a href = 'http://ggpaa.ca/award-recipients/2013/thakkar,-menaka.aspx' target='_blank'>Governor General's Performing Arts Award </a>for Lifetime Artistic Achievement (2013).<br/><br/>",
   "image": "1976-1"
 },
 {
   "year": 1977,
   "type": "milestone",
   "title": "",
   "description": "The separation of arts funding from academic (social sciences and humanities) funding came with establishment of Social Sciences and Humanities Research Council (SSHRC) in 1977. In division of responsibilities, Council retained the Canadian Commission for UNESCO and some special prize endowments.",
   "image": "na"
 },
 {
   "year": 1980,
   "type": "story",
   "title": "",
   "description": "In 1980, the Canada Council's International Translation Program was formed, with the financial collaboration of the Department of Canadian Heritage and Official Languages. Since then the works of hundreds of Canadian authors have been published in dozens of languages.  ",
   "image": "na"
 },
 {
   "year": 1983,
   "type": "story",
   "title": "Atom Egoyan makes his first films",
   "description": "Critically-acclaimed Canadian stage director and film director Atom Egoyan made his first films in the 1980s, including Family Viewing (1987), which won the Best Canadian Feature Film at the Toronto International Film Festival and was nominated for numerous Genies. Egoyan would go on to make such renowned works as Exotica (1994), The Sweet Hereafter (1997) and Chloe (2009). He has been nominated for two Academy Awards and has won several awards at Cannes Film Festival, Toronto International Film Festival and Genie Awards. <br/><br/>Next of Kin (1984) was the first films funded through the Canada Council's newly formed Media Arts Office in 1983.<br/><br/>",
   "image": "1983-1"
 },
 {
   "year": 1984,
   "type": "story",
   "title": "",
   "description": "In 1983, the Sound Symposium held the first edition of its biennial festival in St. John's, Newfoundland and received Canada Council support starting in 1984. The festival has become an international celebration of sound and a catalyst new ideas and directions in music, visual and performance art.<br/><br/>One of the early performers at Sound Symposium was Canadian composer, writer, music educator and environmentalist Murray Schafer, known for his groundbreaking work in acoustic ecology. Later that decade he was the first recipient of the Glenn Gould Award for music and its communication (1987). Other Canada Council prizes he received include the inaugural Jules Léger Prize for new chamber music (1978), and the Walter Carsen Prize (2005).  In 2013, he was made a Companion of the Order of Canada.<br/><br/>",
   "image": "1984-1"
 },
 {
   "year": 1986,
   "type": "story",
   "title": "",
   "description": "In 1986, the <a href = 'http://plr-dpp.ca/PLR/default.aspx' target='_blank'>Public Lending Right</a> was formed in Canada, and administered by the Canada Council. This program which compensates authors for the use of their work in public libraries is part of an international public lending right system. The program has grown and in 2015-16 the Canada Council made payments to over 17,100 Canadian authors.",
   "image": "na"
 },
 {
   "year": 1986,
   "type": "story",
   "title": "Art From Every Community for Every Community",
   "description": "Powell Street Festival society is one of Canada's most vibrant community festivals, bringing art to Vancouver's historic, yet challenged Downtown Eastside. The Festival is known for the high caliber of artists it presents but also for fostering a strong sense of community. It pays homage to the neighbourhood's Japanese heritage and the thriving Japanese-Canadian community that existed before WWII when members of this community were forced into internment camps. ",
   "image": "1986-2"
 },
 {
   "year": 1990,
   "type": "milestone",
   "title": "",
   "description": "The early 1990s saw the result of the growing discourse on equity and cultural diversity:<br/> <li> Creation of First Peoples Advisory Committee and Advisory Committee for Racial Equality (1990)<br/> <li> Creation of position of the Equity Coordinator (1991)<br/> <li> Creation of the Coordinator of the First Peoples Secretariat (1994)<br/><br/>",
   "image": "na"
 },
 {
   "year": 1990,
   "type": "story",
   "title": "",
   "description": "<i>\"By the end of this decade, a psychological barrier had been broken in Canadian Theater. The stage was set for new playwrights, theatres and audiences. The scene was creating more mature challenging works and audiences were willing and anxious to respond.\" Canada Council Annual Report 1989-90 </i><br/><br/>Anne-Marie MacDonald's play Goodnight Desdemona (Good Morning Juliet) proved to be extremely popular despite being produced by the small Nightwood theatre (1988) in Toronto. It won the 1990 Governor General Award for Drama and was subsequently produced over 40 times in Canada and abroad. Similarly Michel Marc Bouchard's production of Les Feluettes, first seen in Quebec at the Theatre Petit à Petit, toured throughout French Canada before being shown in Paris where it received critical acclaim.<br/><br/>",
   "image": "1990-1"
 },
 {
   "year": 1990,
   "type": "story",
   "title": "La Compagnie Marie Chouinard ",
   "description": "<i>\"My source has always been the body itself, and especially the silence and the breath which make up the \"invisible\" stuff of life.\" Marie Chouinard</i><br/><br/>When she founded La Compagnie Marie Chouinard in 1990, Marie Chouinard had already earned international acclaim for her avant-garde, often provocative, performances. Since its beginnings her company has consistently generated excitement and is in demand by major venues and festivals around the world.  <br/><br/>Chouinard has earned many honours including the Canada Council's Jacqueline Lemieux Prize (1986), and the Jean A. Chalmers Award for choreography (1987).<br/><br/>",
   "image": "1990-2"
 },
 {
   "year": 1992,
   "type": "story",
   "title": "",
   "description": "In the early 1990s, Canadian authors broke new ground by winning major international literary prizes.  In 1992, Michael Ondaatje was the recipient of the Canada Australia Prize, a Governor General's Award  and became the first Canadian to win the Man Booker prize for his novel The English Patient. The book was later made into an Oscar-winning feature film.",
   "image": "1992-1"
 },
 {
   "year": 1993,
   "type": "story",
   "title": "Denis Villeneuve",
   "description": "In 1993 Denis Villeneuve received a Canada Council grant to produce one of his first films. Since then he has become known as one of the most talented filmmakers of his generation, producing numerous documentaries, music videos and feature films. <br/><br/>His numerous awards for Best Director include Genies for Maelström (2001), Polytechnique (2010) and Incendies (2011), the screen adaptation of Wajdi Mouawad's award-winning play by the same name. Incendies was also nominated for an Academy Award in the category of Best Foreign Language Film, and was chosen by the New York Times as one of the 10 best films of 2011. His thriller, Enemy (2014) adapted from Nobel Prize-winning author José Saramago's 2004 novel The Double has also earned critical acclaim and a Canadian Screen Award for Best Director.<br/><br/>",
   "image": "1993-1"
 },
 {
   "year": 1993,
   "type": "story",
   "title": "Oscar Peterson, A Jazz Icon",
   "description": "In the 1970s culturally diverse artists began gaining official recognition for their many contributions to Canada's arts scene. In 1978, Oscar Peterson, long established as one of the world's greatest jazz pianists, was inducted into the Canadian Music Hall of Fame. Before his death in 2007 he was also inducted into the Juno Awards Hall of Fame, the Canadian Jazz and Blues Hall of Fame and earned eight Grammy awards. <br/><br/>In 1993 the Canada Council awarded Oscar Peterson the prestigious Glenn Gould Prize, which it administered at the time. <br/><br/>",
   "image": "1993-2"
 },
 {
   "year": 1994,
   "type": "story",
   "title": "",
   "description": "In 1994, playwright Tomson Highway, author of The Rez Sisters and Dry Lips Oughta Move to Kapuskasing, among others, became the first Aboriginal writer to be inducted into Order of Canada. Since then, Aboriginal writers have become widely recognized in Canada with abroad with authors such as Richard Wagamese (Indian Horse) and Joseph Boyden (The Orenda) both winning major prizes in 2013.   <br/><br/>The high level of excellence in and appreciation of Aboriginal arts that we now see across the country in every arts discipline is due in part to the way artists successfully mobilized to make it a priority for the Canada Council. In 1994, the Council first hired a First Peoples program officer and created its Aboriginal Arts Office. <br/><br/>",
   "image": "1994-1"
 },
 {
   "year": 1994,
   "type": "story",
   "title": "",
   "description": "Every year the Great Northern Arts Festival (GNAF) brings a celebration of Northern art and culture to the western arctic community of Inuvik, Northwest Territories. The festival, which celebrated its 25th anniversary in 2013, has become a point of pride for the community and attracts visitors from across Canada and internationally. <br/><br/>In 1994, GNAF was one of the first organizations to receive funding under the Canada Council's new Inter-Arts Office. The discipline of Inter-Arts continues to change and evolve as traditional boundaries between disciplines shift. In 2013 the Canada Council Inter-Arts Office did a series of consultations across Canada as part of its program review. <br/><br/>",
   "image": "1994-2"
 },
 {
   "year": 1995,
   "type": "milestone",
   "title": "",
   "description": "In 1995 the Canada Council releases its Strategic Plan, \"The Canada Council: A Design for the Future\" in which its strategic priorities are defined.",
   "image": "na"
 },
 {
   "year": 1997,
   "type": "milestone",
   "title": "",
   "description": "Development of a new Peer Assessment Policy, representation of culturally diverse artists on peer assessment committees was institutionalized. The implementation of this policy has led to a healthy increase in the number of artists of colour who serve on Canada Council peer assessment committees. ",
   "image": "na"
 },
 {
   "year": 1998,
   "type": "milestone",
   "title": "",
   "description": "In 1998 the government delivered a one-time influx of $10 million through the Millennium Arts Fund to be expended in grants to artists over three years. In 2000 a $10 million addition was made to the base appropriation.",
   "image": "na"
 },
 {
   "year": 1999,
   "type": "story",
   "title": "",
   "description": "Robert Lepage's solo show the Far Side of the Moon was set in the context of the 1960s Cold War space race. Produced by Quebec City's Ex Machina, it received wide acclaim in 2000 when it debuted, and went on to our globally to more than 20 cities throughout Europe and the United States, and in 2003 was made into a Genie award-winning film. <br/><br/>The production of Far Side of the Moon was funded in 1999 by a special Millenium Arts Fund set up by the Canada Council which provided funding totaling $9.2 million to 184 projects across the country.  \"Obtaining $150,000 from the Canada Council's Millennium Arts Fund ... allowed us to create the production and show it to our partners. Once they saw it, they were ready to invest.\"  Michel Bernatchez, producer, Ex Machina. <br/><br/>",
   "image": "1999-1"
 },
 {
   "year": 2000,
   "type": "story",
   "title": "",
   "description": "<i>\"The development of Canadian visual art in the second half of the 20th century is practically synonymous with the name of Michael Snow. His work, which includes photography, film, holography, painting, sculpture, installation and experimental jazz, has touched on just about everything that allowed him to discover new ground.\" Jury statement, Governor General's Awards in Visual and Media Arts. </i><br/><br/>Michael Snow was one of the first recipients of the Governor General's Awards in Visual and Media Arts. The award was established in 2000 and since then has recognized some 100 individuals who have shaped Canadian contemporary art in remarkable ways.<br/><br/>",
   "image": "2000-1"
 },
 {
   "year": 2001,
   "type": "milestone",
   "title": "",
   "description": "The Equity office received additional funds of $1,500,000 in 2001 from Tomorrow Starts Today Funds and launched a new equity program Capacity Building Grants for Culturally Diverse Artistic Practices, to support the artistic administration of organizations promoting culturally diverse art forms.",
   "image": "na"
 },
 {
   "year": 2001,
   "type": "story",
   "title": "",
   "description": "In the early 2000s Canadian films began to win major film awards such as Sundance, TIFF and Cannes. For example, in 2004, Chris Landreth's short film, Ryan, won an Oscar and three awards at Cannes' International Critics' Week, among others. Combining documentary with animation, Ryan tells the story of a celebrated animator and Oscar nominee who now panhandles on the streets of Montreal. It was produced by the National Film Board with support from the Canada Council in 2001. ",
   "image": "2001-1"
 },
 {
   "year": 2001,
   "type": "story",
   "title": "Canadians Win at Venice Biennale",
   "description": "Alberta artists Janet Cardiff and George Bures-Miller won a special jury prize at the 2001 Venice Biennale, the world's oldest and most prestigious contemporary art exhibition. Their multimedia work, The Paradise Institute, is an installation that uses sounds and images to blur the boundaries between the work and the observer. It was described as \"one of the most important breakthroughs in conceptual arts in the past 10 years.\" <br/><br/>The Canada Council supports artists to participate in major international events, such as the Venice Biennale, so that they can promote their work to vast audiences around the globe.  <br/><br/>",
   "image": "2001-2"
 },
 {
   "year": 2005,
   "type": "milestone",
   "title": "",
   "description": "Canada Council signs MoU with PCH in 2005 for a three year $2.5 million investment in the Capacity Building Initiative in the Aboriginal Arts Secretariat and the Equity Office",
   "image": "na"
 },
 {
   "year": 2007,
   "type": "milestone",
   "title": "",
   "description": "The new millennium also included a series of increases that over an eleven-year period, 1996-97 to 2007-08, brought Council's appropriation from its post-recession low of $91 million to $182 million. (If figures are adjusted for inflation, this is approximately a 60% increase in spending power.)",
   "image": "na"
 },
 {
   "year": 2010,
   "type": "milestone",
   "title": "",
   "description": "In the 2010 federal budget, following a strategic review of spending programs, the government concluded that cuts to the Councils programs were not necessary because they \"are aligned with the priorities of Canadians.\" ",
   "image": "na"
 },
 {
   "year": 2010,
   "type": "story",
   "title": "Culture Days: a national celebration of the arts",
   "description": "In September 2010, over 700 cities and towns across Canada celebrated arts and culture and the value they bring to our lives. The first-ever Culture Days set in motion a groundswell of public participation in the arts and built momentum for future annual celebrations. This volunteer movement has grown exponentially and as of 2013 had reached over 5.5 million Canadians. <br/><br/>The Canada Council helped to fund the launch of Culture Days, and has made public engagement in the arts a theme running through its work. <br/><br/>",
   "image": "2010-1"
 },
 {
   "year": 2012,
   "type": "story",
   "title": "",
   "description": "Deaf and disability arts have become important evolving sectors and art practices in Canadian art. One example is Corpuscule Danse, Quebec's first integrated company, founded in 2001 by France Geoffrey, with fellow dancers Martine Lusignan and Isaac Savoie. Corpuscule Danse has helped dancers and audiences alike to see dance and movement in new ways. <br/><br/>In 2012 the Canada Council launched a Deaf and disability arts strategy, Expanding the Arts, developed in consultation with the community and allocated new funds in 2013 to strengthen the capacity of Deaf and disability arts organizations. This boost in investment makes for a more vibrant and diverse arts scene that all Canadians can enjoy.<br/><br/>",
   "image": "2012-1"
 },
 {
   "year": 2012,
   "type": "story",
   "title": "A Tribe Called Red brings contemporary aboriginal music to world stage",
   "description": "A Tribe Called Red is earning international acclaim for its unique mix of traditional pow wow vocals and drumming and cutting-edge electronic music. The band's albums have been nominated for Polaris Music Prizes (2012, 2013) and won a Juno Award (2014).  With the Council's support, the band showcased at two of the world's biggest music events: WOMEX World Music Expo in Thessaloniki, Greece (Oct. 2012), and the Association of Performing Arts Presenters in New York City (Jan. 2013). <br/><br/>This is just one example of how the Canada Council is helping Canadian talent to shine on the world stage. In 2012-13 it launched a three-year focus on market access that includes more funding for grants, conferences and showcase events and delegations to new markets, such as in the Asia-Pacific region.<br/><br/>",
   "image": "2012-2"
 },
 {
   "year": 2013,
   "type": "story",
   "title": "",
   "description": "In December 2013, the Canada Council moved into its new location on 150 Elgin St., in downtown Ottawa. The building's street presence increases the Council's civic imprint, while its environmental efficiencies decreases the carbon footprint, all while reducing costs. <br/><br/>Best of all, the new building is a place where the arts come to life. From the moment visitors enter the doors they can experience the arts. An interactive video wall and the Âjagemô  (Algonquin word for \"crossroads\") exhibition hall showcase the work of contemporary Canadian artists. <br/><br/>",
   "image": "2013-1"
 },
 {
   "year": 2015,
   "type": "story",
   "title": "",
   "description": "Canadian classical music made a huge impact at the major international conference Classical: Next in Rotterdam, in May 2015. Performances at the opening gala concert of Canada: Next, featuring Inuk throat singer Tanya Tagaq and pianist Megumi Masaki, among others, and a joint keynote address by Yannick Nézet-Séguin and Barbara Hannigan showed just how unique and diverse Canada's classical music scene is. The concert was presented and organized by the Canada Council, the Canadian Music Centre, and Vancouver's Music on Main. <br/><br/>In 2015-16, the Council worked in partnership with several international literary festivals and embassies to showcase Canadian literary writers to readers worldwide. The Spotlight on Canada at the Bookworm Festival in China introduced Canadian authors to new markets and featured readings with Rawi Hage, Vincent Lam, Kim Thúy, and other outstanding ambassadors for Canadian literature.<br/><br/>",
   "image": "na"
 },
 {
   "year": 2016,
   "type": "milestone",
   "title": "",
   "description": "Today the Council is an unprecedented position, with a doubling of our budget between 2016 and 2021. ",
   "image": "na"
 },
 {
   "year": 2016,
   "type": "story",
   "title": "",
   "description": "In 2016, Six Nations Cayuga artist Samuel Thomas led 42 workshops in 8 communities across Ontario and Saskatchewan, bringing Indigenous and non-Indigenous Peoples together to bead doors in an act of reclamation, healing and reconciliation. His <a href = 'https://www.facebook.com/doors2dialogue/' target='_blank'>Opening the Doors to Dialogue</a> workshops were funded through the <a href = 'http://canadacouncil.ca/initiatives/reconciliation' target='_blank'>{Re}conciliation initiative</a>, a partnership between the Canada Council for the Arts, the  <a href = 'https://mcconnellfoundation.ca/' target='_blank'>J.W. McConnell Family Foundation </a>and <a href = 'http://www.philanthropyandaboriginalpeoples.ca/' target='_blank'>The Circle on Philanthropy and Aboriginal Peoples in Canada</a>.<br/><br/>",
   "image": "2016-1"
 },
 {
   "year": 2017,
   "type": "milestone",
   "title": "",
   "description": "With a $35M investment, the Canada Council marked the 150th Anniversary of Confederation with a special program New Chapter to support the creation and sharing of exceptional artistic and literary works. These works will encourage public engagement in the arts and will promote outreach locally, nationally and internationally. ",
   "image": "na"
 }
]